file,title,author,source_url,license,attribution_text
ao-dai-01.png,Minh họa áo dài,Nhóm Việt phục Remix,,nhom-tu-tao,Hình do nhóm Việt phục Remix tự vẽ
ao-tu-than-01.png,Minh họa áo tứ thân,Nhóm Việt phục Remix,,nhom-tu-tao,Hình do nhóm Việt phục Remix tự vẽ
ao-ngu-than-01.png,Minh họa áo ngũ thân,Nhóm Việt phục Remix,,nhom-tu-tao,Hình do nhóm Việt phục Remix tự vẽ
ao-ba-ba-01.png,Minh họa áo bà ba,Nhóm Việt phục Remix,,nhom-tu-tao,Hình do nhóm Việt phục Remix tự vẽ
ao-giao-linh-01.png,Minh họa áo giao lĩnh,Nhóm Việt phục Remix,,nhom-tu-tao,Hình do nhóm Việt phục Remix tự vẽ
ao-nhat-binh-01.png,Minh họa áo nhật bình,Nhóm Việt phục Remix,,nhom-tu-tao,Hình do nhóm Việt phục Remix tự vẽ
ao-tac-01.png,Minh họa áo tấc,Nhóm Việt phục Remix,,nhom-tu-tao,Hình do nhóm Việt phục Remix tự vẽ
ao-the-01.png,Minh họa áo the đang chờ xác minh,Nhóm Việt phục Remix,,nhom-tu-tao,Hình minh họa nội bộ; không dùng làm bằng chứng lịch sử
ao-mo-ba-mo-bay-01.png,Ảnh giữ chỗ áo mớ ba mớ bảy,Nhóm Việt phục Remix,,nhom-tu-tao,Hình giữ chỗ; chưa dùng trong bản phát hành
ao-dai.webp,Minh họa phẳng 2D áo dài,AI Generated (Gemini),,ai-generated,Hình minh họa 2D do AI tạo dựa trên mô tả cấu trúc từ Bảo tàng Lịch sử Quốc gia
ao-tu-than.webp,Minh họa phẳng 2D áo tứ thân,AI Generated (Gemini),,ai-generated,Hình minh họa 2D do AI tạo dựa trên mô tả cấu trúc từ Bảo tàng Lịch sử Quốc gia
ao-ngu-than.webp,Minh họa phẳng 2D áo ngũ thân,AI Generated (Gemini),,ai-generated,Hình minh họa 2D do AI tạo dựa trên mô tả từ VietnamPlus và Bảo tàng LSQG
ao-nhat-binh.webp,Minh họa phẳng 2D áo nhật bình,AI Generated (Gemini),,ai-generated,Hình minh họa 2D do AI tạo dựa trên mô tả trang phục cung đình triều Nguyễn
ao-ba-ba.webp,Minh họa phẳng 2D áo bà ba,AI Generated (Gemini),,ai-generated,Hình minh họa 2D do AI tạo dựa trên mô tả từ VJOL và Cổng TTVH